Episode,Reward,Loss,Epsilon,Total_Time
1,-1.8678495113977434,2.205739681537335,1.0,12.75104308128357
2,2.1881505091617774,24.19644386291504,0.997,21.929271459579468
3,-1.2755617616041626,11.98398350946831,0.994009,27.771429538726807
4,-1.1845157479067558,18.969654211872502,0.991026973,39.64604091644287
5,-0.025698685083602457,16.686428531010947,0.988053892081,47.187864542007446
6,-1.182059975429516,10.553385451436043,0.985089730404757,52.93104267120361
7,0.7943871260685677,6.864186367988586,0.9821344612135428,61.16425633430481
8,1.1183294783491167,10.775131982384305,0.9791880578299021,71.67222166061401
9,-0.007664415773170091,11.999342775344848,0.9762504936564125,82.03353714942932
10,0.21383633716205455,18.9667550722758,0.9733217421754432,88.73735237121582
11,-0.03053666276476419,8.461437019640984,0.9704017769489168,96.40350484848022
12,0.03277385315592296,1.6131812717233385,0.9674905716180701,102.5584671497345
13,1.042045160381974,1.068560544989611,0.9645880999032158,111.7900447845459
14,-0.4796727158794777,1.3025094359009355,0.9616943356035061,116.80538654327393
15,-0.7054462306425431,0.894437430233791,0.9588092525966956,122.09650492668152
16,-0.4939872647391027,0.41377670517781884,0.9559328248389055,129.1338505744934
17,-0.16318692460659068,0.6685359387294106,0.9530650263643888,133.60099291801453
18,0.6057438234055907,0.37627213378436863,0.9502058312852957,143.9582691192627
19,-0.45983113121853814,0.39864227341281044,0.9473552137914398,148.99214553833008
20,-0.3779128844225921,0.4369647260223116,0.9445131481500655,155.1394681930542
21,0.7385042260670978,0.3401311184050607,0.9416796087056153,164.93303108215332
22,0.1306186761248801,0.21311045795679093,0.9388545698794984,173.1812756061554
23,-0.287625552488599,0.40831085046132404,0.93603800616986,178.59358382225037
24,0.41801816022350036,0.13516458310186863,0.9332298921513504,185.72840690612793
25,-0.4393012026201625,0.05517053777972857,0.9304302024748964,193.26256346702576
26,0.07510340847404844,0.0369247276509224,0.9276389118674717,200.54057693481445
27,-0.09478426094878803,0.03432201561436318,0.9248559951318693,209.76151704788208
28,0.17562620037472015,0.030121940929366618,0.9220814271464737,217.9002227783203
29,0.15222441418454338,0.028787527233362198,0.9193151828650342,225.31084823608398
30,0.10287347689752328,0.025951993794968493,0.9165572373164391,232.01372480392456
31,0.05211960020742609,0.02863581515183406,0.9138075656044898,241.11051630973816
32,-0.4886174170305746,0.025440578735670297,0.9110661429076764,259.7832818031311
33,-0.20355012106990444,0.026931465627291262,0.9083329444789534,267.67035579681396
34,-0.10106460819568337,0.025929483288729734,0.9056079456455165,271.97297406196594
35,-0.18814794091236547,0.019281977658263512,0.90289112180858,278.2240798473358
36,0.2044956210788224,0.015886169141874865,0.9001824484431542,286.75219559669495
37,-0.028269421749755816,0.011473565527628507,0.8974819010978248,296.6740794181824
38,-0.02253782813033106,0.015871568427731592,0.8947894553945313,301.75748014450073
39,-0.013094768858062322,0.00890176547691226,0.8921050870283477,309.2893350124359
40,0.0019331602347498061,0.016929791032453068,0.8894287717672626,314.97066831588745
41,-0.25740330291238883,0.011415145013164332,0.8867604854519608,322.7902548313141
42,-0.5172810245054631,0.010710610208385016,0.884100203995605,330.45862221717834
43,1.2034317095839784,0.009706625930090067,0.8814479033836181,340.9793860912323
44,-0.26300190648687205,0.009587388646242947,0.8788035596734672,346.2532048225403
45,0.13403145823846185,0.014571180657690598,0.8761671489944468,352.50834035873413
46,0.36453096991728223,0.016359667293727398,0.8735386475474635,363.31665086746216
47,0.04778975133329813,0.011873008962720633,0.8709180316048211,370.8681182861328
48,-0.18444332579673134,0.00879923535844768,0.8683052775100066,379.5324685573578
49,0.3106275843345502,0.007298568177416369,0.8657003616774767,388.3329839706421
50,-0.14212156107036517,0.007377239279122206,0.8631032605924442,397.58030939102173
51,-0.15303311716936824,0.00735361088586391,0.860513950810667,407.4179117679596
52,-0.12607392463221828,0.007798340870067477,0.857932408958235,413.26636385917664
53,0.350551418950824,0.006927272415582518,0.8553586117313603,423.0633387565613
54,0.3938588668016726,0.008564947098916904,0.8527925358961662,430.46488070487976
55,-0.009486473027181835,0.011986638899543323,0.8502341582884777,436.1974980831146
56,0.426506254425327,0.011888147114465635,0.8476834558136123,445.86012864112854
57,-0.2049593095024464,0.007406538049148959,0.8451404054461714,453.15482473373413
58,-0.047773822399250404,0.006676011523735282,0.8426049842298329,464.7771272659302
59,-0.34529260878777523,0.006836748471663844,0.8400771692771434,470.35679483413696
60,-0.01469873736807889,0.014420715695316041,0.837556937769312,475.3604037761688
61,-0.2006061135423381,0.010937584003841039,0.835044266956004,481.0711989402771
62,0.6198050949343216,0.008157981204261122,0.8325391341551359,490.31513023376465
63,0.2660733656002384,0.008579862722176678,0.8300415167526705,498.43376421928406
64,-0.29153808129551667,0.005981332223745995,0.8275513922024125,505.2782735824585
65,-0.030096183578158485,0.007247601453855168,0.8250687380258053,511.0020718574524
66,0.191333406187692,0.01033640310813028,0.8225935318117279,521.3488757610321
67,-0.28872933336349493,0.01146037104085852,0.8201257512162927,528.0425727367401
68,0.5478356368938528,0.011567820801935864,0.8176653739626438,538.5333173274994
69,-0.0533884531610095,0.011035683087822868,0.8152123778407558,545.5250780582428
70,0.22333904253743866,0.009242267751445373,0.8127667407072335,553.0944113731384
71,0.2845133255674237,0.012090436173602939,0.8103284404851119,561.3057935237885
72,-0.24120314245063662,0.00862539745371868,0.8078974551636565,569.0995314121246
73,-0.33203078751673876,0.008560886042687343,0.8054737627981655,579.3592486381531
74,0.10959476158332793,0.009905300090873712,0.803057341509771,585.8992223739624
75,-0.012809382575970252,0.008303406136941962,0.8006481694852418,594.987806558609
76,-0.23280087070783498,0.013307418609555397,0.798246224976786,601.2649750709534
77,-0.01282749129838514,0.012278792729014403,0.7958514863018556,612.7636456489563
78,-0.1399308366593226,0.012332000723108649,0.79346393184295,616.791145324707
79,0.16679459775029915,0.010009626996817818,0.7910835400474212,626.0298676490784
80,-0.016475134187971648,0.008752194318768322,0.7887102894272789,634.1370320320129
81,-0.06245789392853673,0.008211659137433505,0.7863441585589971,640.1407604217529
82,-0.4220464682952242,0.00811781336625035,0.78398512608332,648.659824848175
83,0.2119189311027115,0.01077521776056124,0.7816331707050701,654.9915125370026
84,0.15479406973162096,0.008269099897440912,0.7792882711929549,675.0598986148834
85,0.06304821284944669,0.009155598331280813,0.776950406379376,683.1810684204102
86,0.5090686800853813,0.014090688908860708,0.7746195551602378,691.1420681476593
87,0.05780171319623684,0.012201301578897983,0.7722956964947572,697.9705240726471
88,-0.17660173875068857,0.008086429134955709,0.7699788094052729,709.1845643520355
89,0.20184078523539695,0.009257867995818908,0.767668872977057,715.075921535492
90,0.2996023324261837,0.01108733405742575,0.7653658663581259,723.4595549106598
91,0.01879214331556215,0.008766698424652632,0.7630697687590515,729.7304835319519
92,0.09210055243063447,0.010814408175065182,0.7607805594527743,735.4283745288849
93,-0.16327979261382097,0.0100305937230587,0.7584982177744161,740.1456031799316
94,-0.4097127516519823,0.009274523755392203,0.7562227231210928,750.5234279632568
95,0.017781566292118682,0.012126968662825323,0.7539540549517295,756.0963981151581
96,0.4635366913528235,0.010305069550349,0.7516921927868743,765.3537836074829
97,0.11232204790394162,0.011663401093700844,0.7494371162085136,785.1903584003448
98,-0.09063267958724947,0.010223668061136719,0.747188804859888,795.1532135009766
99,-0.16903176112952545,0.010927770878693246,0.7449472384453084,808.0574719905853
100,0.023519259578718754,0.01153512904420495,0.7427123967299725,815.5908887386322
101,-0.11942836993993655,0.008056164381559937,0.7404842595397826,819.60258436203
102,0.27990728358079076,0.008564231431785417,0.7382628067611632,827.4156210422516
103,-0.02889488464715318,0.01074051936822278,0.7360480183408797,833.5554578304291
104,0.054593173746665925,0.010026749212113096,0.7338398742858571,840.545156955719
105,0.3247139564757853,0.009546398587103579,0.7316383546629995,847.7015385627747
106,0.42661008339646095,0.013475770092997197,0.7294434395990105,859.3385636806488
107,-0.1966504531453574,0.01836296501730023,0.7272551092802134,864.6362698078156
108,-0.38684674187160223,0.015250299010864075,0.7250733439523728,877.8434913158417
109,-0.2480362741347551,0.011256727553602006,0.7228981239205157,884.2690184116364
110,-0.22324412002303967,0.014177716823051805,0.7207294295487541,888.7370076179504
111,0.323046112006541,0.011990098322838032,0.7185672412601078,898.1244621276855
112,-0.05129047648013574,0.01004267871500023,0.7164115395363275,903.7294449806213
113,-0.11342951994320005,0.010496879761506404,0.7142623049177186,910.841201543808
114,0.3419212240583859,0.0099713178530622,0.7121195180029655,919.3729758262634
115,-0.13712118686953828,0.012288430367833843,0.7099831594489566,927.7642824649811
116,-0.08161766647404103,0.015088214987406024,0.7078532099706097,936.5624778270721
117,-0.2232157804957017,0.018500864823264154,0.7057296503406979,944.0479516983032
118,-0.46443095486673586,0.01458330037817359,0.7036124613896758,962.8882138729095
119,0.2701496008424198,0.012779465158477084,0.7015016240055068,982.5405840873718
120,0.12452411090443433,0.011935647832704526,0.6993971191334902,990.9196255207062
121,-0.2568280215871377,0.01076349497307092,0.6972989277760897,1000.6598398685455
122,0.24860347001780844,0.010405302201186052,0.6952070309927615,1008.088151216507
123,0.19198261885572335,0.015605921816080809,0.6931214098997832,1026.9144496917725
124,-0.15271556724515328,0.014195265481248498,0.6910420456700839,1034.3210887908936
125,0.21594515706933945,0.016450756340814027,0.6889689195330736,1042.0313704013824
126,0.2142940926063971,0.013661020187700683,0.6869020127744744,1049.8241395950317
127,-0.07167673908528088,0.011690112183604277,0.684841306736151,1055.6875970363617
128,0.09302456524809759,0.013000223721409666,0.6827867828159425,1073.257143497467
129,0.02764372700348664,0.014407992361019514,0.6807384224674947,1091.234014749527
130,0.32952230447841646,0.013616994488984346,0.6786962072000923,1102.3214282989502
131,-0.09752988529185182,0.013771237667512011,0.676660118578492,1107.3188269138336
132,0.3935880888803649,0.011986817089457284,0.6746301382227565,1118.1327493190765
133,-0.10138164025638957,0.012295185693969521,0.6726062478080883,1137.6414501667023
134,-0.13035108932071457,0.011341642193858407,0.6705884290646641,1143.9220352172852
135,0.1611082183546974,0.013147181413399104,0.66857666377747,1156.1202039718628
136,-0.034176842207943856,0.012274004536232463,0.6665709337861376,1161.1391398906708
137,-0.47015060590526403,0.013315592717160197,0.6645712209847792,1174.3706495761871
138,-0.177216228730185,0.012807439260471325,0.6625775073218249,1181.0988454818726
139,0.141395134567871,0.01127543586873166,0.6605897747998594,1201.750697851181
140,0.10093030336789718,0.013421434947910408,0.6586080054754598,1210.6026122570038
141,-0.1253218363659039,0.011479994540827142,0.6566321814590335,1219.4036960601807
142,0.3280966101175428,0.011287253923897803,0.6546622849146564,1230.6603646278381
143,-0.09675488612117888,0.010306173197985177,0.6526982980599124,1253.6998867988586
144,0.12663112177229197,0.011006445260335729,0.6507402031657327,1265.1864199638367
145,0.26528101220404826,0.01201520554303866,0.6487879825562355,1274.5932083129883
146,0.2327959088819446,0.010222610238600861,0.6468416186085668,1283.532556772232
147,0.004805525481819291,0.009902592929295049,0.6449010937527411,1303.1382720470428
148,-0.46343568567214777,0.010580199197507821,0.6429663904714829,1311.6794826984406
149,0.32175964823785375,0.013307251472724602,0.6410374913000684,1323.082377910614
150,-0.07229167712006143,0.014444197757520538,0.6391143788261682,1334.0480773448944
151,-0.061991081869826034,0.01104272751448055,0.6371970356896897,1339.5037198066711
152,-0.2028626893315926,0.01273419955439532,0.6352854445826206,1350.1915574073792
153,0.3774760137792008,0.011908206881049115,0.6333795882488727,1361.8087949752808
154,0.41876581787097733,0.012192419324550898,0.6314794494841262,1371.743926525116
155,-0.06720793460452251,0.011427806420741897,0.6295850111356738,1378.2986376285553
156,0.2286337798878133,0.01014059251350052,0.6276962561022668,1386.9910342693329
157,0.11653446710050655,0.00819326404016465,0.62581316733396,1394.5161130428314
158,0.2690882723222679,0.008989351767707954,0.623935727831958,1403.4929025173187
159,-0.003573141811832617,0.01430469669867307,0.6220639206484622,1412.57839179039
160,-0.002915319090378621,0.012162693023968201,0.6201977288865168,1421.163590669632
161,-0.019155694569915255,0.011306056773047085,0.6183371356998573,1428.9186906814575
162,-0.08660159640666913,0.010896052054774303,0.6164821242927577,1433.7621965408325
163,-0.17425747416212056,0.010694464351981878,0.6146326779198794,1438.5099895000458
164,0.16115403941591125,0.011225245813740061,0.6127887798861198,1446.3686468601227
165,0.08444237550514391,0.011253945726073451,0.6109504135464614,1453.9137921333313
166,0.23462340934746717,0.01077658320363197,0.609117562305822,1461.5210661888123
167,0.0889482662831689,0.01104574042386306,0.6072902096189046,1472.174292087555
168,0.09328066971738158,0.011144697200506926,0.6054683389900478,1478.4468460083008
169,-0.06641174349507062,0.014956572325900197,0.6036519339730777,1484.4496972560883
170,-0.12678540235054137,0.013251294734308848,0.6018409781711584,1490.904515504837
171,0.07527590793322075,0.01506568587226969,0.6000354552366449,1499.5898673534393
172,0.0669860160889193,0.015629744472741885,0.598235348870935,1511.5029096603394
173,-0.13017195125359568,0.013034663760127166,0.5964406428243222,1518.2415173053741
174,0.11864623804186547,0.013941889174895573,0.5946513208958493,1530.6466569900513
175,0.1716349793406265,0.011140200759331554,0.5928673669331617,1540.1805396080017
176,-0.24760011479374508,0.009743481401854487,0.5910887648323622,1550.8993051052094
177,-0.13075730874939528,0.009080023776429394,0.5893154985378651,1556.3383433818817
178,-0.3285376087732585,0.01335519836497268,0.5875475520422515,1579.135718345642
179,0.014294576807769854,0.012107905434539257,0.5857849093861247,1588.6802353858948
180,0.0024419868597341174,0.014379167061468417,0.5840275546579663,1596.1791315078735
181,-0.14703812857882703,0.011794817688147703,0.5822754719939924,1618.0238258838654
182,0.0020703357453970353,0.014307672669405512,0.5805286455780104,1628.5508453845978
183,-0.18154965214395952,0.012667887045868806,0.5787870596412764,1639.733636856079
184,0.10603205754342623,0.010132126378543351,0.5770506984623526,1647.4151394367218
185,0.019339454520859188,0.013936376720223399,0.5753195463669655,1654.532413482666
186,-0.15743495065566282,0.013123385295629094,0.5735935877278646,1666.008733510971
187,0.17932671179809342,0.013737436754591003,0.571872806964681,1674.1109790802002
188,-0.2755418861958562,0.014870136425579114,0.5701571885437869,1684.2178649902344
189,-0.032102910093592875,0.020025167018175125,0.5684467169781556,1688.94917178154
190,0.22748792636447832,0.015239580364569145,0.5667413768272211,1702.261468410492
191,-0.11534438983689722,0.012507222565667083,0.5650411526967395,1712.0204713344574
192,-0.024961592885931604,0.011841430930265536,0.5633460292386493,1718.3269653320312
193,-0.13218887520457914,0.017654716823017225,0.5616559911509333,1724.0569722652435
194,0.0219231687707706,0.01282551447174659,0.5599710231774805,1730.6173157691956
195,0.30855245369879747,0.016599958318357283,0.5582911101079481,1741.0011501312256
196,-0.09102270767767762,0.013713719522846597,0.5566162367776242,1746.1882147789001
197,-0.25858113600316474,0.013349004752504138,0.5549463880672914,1758.4905128479004
198,0.05551580433335164,0.012119913513639143,0.5532815489030894,1769.6194837093353
199,-0.19782546765579323,0.01471003983169794,0.5516217042563801,1779.4473333358765
200,0.03110383727689059,0.009861414931947365,0.549966839143611,1785.160984992981
201,-0.6224812918967643,0.010895103850374137,0.5483169386261801,1805.270094871521
202,-0.13724670483433857,0.01233399158809334,0.5466719878103016,1810.4144079685211
203,0.06010700021042331,0.01512927955482155,0.5450319718468707,1822.9838140010834
204,0.10656598150872182,0.01385053185125192,0.5433968759313301,1831.8379502296448
205,0.13903844717127692,0.0128939253387644,0.5417666853035361,1840.263504743576
206,0.0007897001502809864,0.016135287269748545,0.5401413852476254,1846.6714282035828
207,-0.06884768575002925,0.01218161977669026,0.5385209610918825,1854.523452281952
208,0.05861528259853036,0.015259258344303816,0.5369053982086068,1861.3548686504364
209,-0.04848680046195818,0.018361527487755783,0.535294682013981,1866.942378282547
210,-0.036248823059985065,0.01291118384912037,0.5336887979679391,1871.8365397453308
211,0.15819292959597403,0.014894826030026056,0.5320877315740353,1881.013299703598
212,0.013402249695849591,0.013575123595295563,0.5304914683793133,1888.143340587616
213,-0.04140986662441658,0.014993928827255244,0.5288999939741753,1906.8573551177979
214,0.10610296934184676,0.01508658727336871,0.5273132939922528,1927.2164640426636
215,-0.009214807814986056,0.01591115635528695,0.525731354110276,1933.0975697040558
216,-0.1405573182412127,0.013282212721714318,0.5241541600479452,1955.752298116684
217,0.0566382321299126,0.01574122637975961,0.5225816975678014,1962.624038696289
218,0.19919835582057216,0.011671917020742382,0.521013952475098,1973.7487347126007
219,-0.2388697580317874,0.014221795693491444,0.5194509106176727,1979.6398403644562
220,-0.002777275572133052,0.01628245715983212,0.5178925578858197,1984.2431108951569
221,-0.40747908806799793,0.014508271777704983,0.5163388802121622,2002.2960886955261
222,-0.044707370388181886,0.016277621641117884,0.5147898635715258,2014.2285254001617
223,0.010759180885541293,0.013494839662777596,0.5132454939808112,2024.1149990558624
224,-0.1188308870335785,0.01650140288596352,0.5117057574988688,2029.5619196891785
225,-0.009291966247323286,0.010823485068976879,0.5101706402263723,2038.5768656730652
226,0.060383140608356804,0.012811538591493098,0.5086401283056932,2057.7143609523773
227,-0.11252360877128678,0.015077928740841648,0.5071142079207761,2067.4515755176544
228,0.08384056593374786,0.011039572804435795,0.5055928652970137,2075.902275085449
229,0.06974232147651593,0.014995533106331196,0.5040760867011227,2082.218254804611
230,-0.10936030258648755,0.01461800663074588,0.5025638584410194,2102.60657787323
231,-0.26915144404922897,0.012575703872633832,0.5010561668656963,2111.759950399399
232,0.2506318294286607,0.012423710798788252,0.49955299836509925,2122.26118350029
233,0.2597657758180917,0.014824194945394992,0.49805433937000393,2134.1286931037903
234,-0.038287408893374814,0.013533055822810402,0.4965601763518939,2141.80992436409
235,-0.051965973723462996,0.013716456337043872,0.49507049582283824,2146.7287340164185
236,0.0012806152229584422,0.01381310492399193,0.49358528433536975,2150.8975508213043
237,0.0430440655928393,0.012398510509761186,0.49210452848236363,2175.392837524414
238,0.4305983630190277,0.013462798147532744,0.49062821489691655,2193.45511674881
239,-0.10188158338058761,0.010583701432156175,0.4891563302522258,2201.236592769623
240,0.27185421453709385,0.011821362106794757,0.48768886126146915,2210.356109857559
241,0.06494685295251042,0.013619317643423664,0.48622579467768473,2218.2802176475525
242,-0.09930189791647509,0.014717662501532365,0.4847671172936517,2224.268456220627
243,0.1031667876659526,0.013021632647400515,0.4833128159417707,2235.6539232730865
244,0.08559235197118947,0.010873416178476284,0.4818628774939454,2244.092386484146
245,-0.026158001583223,0.013825753774104077,0.48041728886146357,2257.459719657898
246,0.11695579462076192,0.01121661790389696,0.4789760369948792,2266.888069629669
247,0.19239241181076386,0.01120269068956582,0.47753910888389456,2278.3551063537598
248,0.31472637959415384,0.010679421940027443,0.4761064915572429,2289.898525953293
249,0.09925040527929058,0.011525428530723346,0.4746781720825711,2312.5480489730835
250,0.16744284356402614,0.01007143266523551,0.4732541375663234,2324.5473988056183
251,-0.12732108172144432,0.010152638085525145,0.4718343751536244,2328.866978406906
252,-0.2763175758162402,0.010663743874476862,0.47041887202816357,2348.3142387866974
253,0.12361014170481927,0.009481896129436791,0.4690076154120791,2356.6009936332703
254,0.046289933937568535,0.010258536769210227,0.46760059256584285,2365.7206707000732
255,0.11690794012116222,0.01127793432323862,0.4661977907881453,2375.261155605316
256,-0.15252475543984037,0.011790068932519904,0.4647991974157809,2380.549020767212
257,0.35426106509964617,0.012117649312131107,0.46340479982353355,2398.174306154251
258,0.039294476587203725,0.012327849930629898,0.46201458542406293,2410.444483280182
259,0.24620173083043267,0.009647286473176418,0.4606285416677907,2422.7110805511475
260,0.14276477342754387,0.007813124427533088,0.45924665604278736,2430.6880531311035
261,0.09323623281197635,0.011127183253367274,0.457868916074659,2439.3598845005035
262,-0.08384126299056147,0.010107186706995385,0.45649530932643506,2445.6805226802826
263,0.21052489718377557,0.009270853681923591,0.45512582339845575,2457.205398082733
264,0.04017383084732804,0.013230933407321573,0.45376044592826037,2465.4472754001617
265,0.04117545069030785,0.014826940515389046,0.4523991645904756,2477.236692905426
266,-0.008007518492010809,0.013367235063551327,0.45104196709670413,2483.9483036994934
267,0.3478403235879129,0.011298704322483113,0.449688841195414,2494.672533750534
268,0.1390591562069163,0.010456261471054464,0.4483397746718278,2503.427677154541
269,0.09455065351699177,0.011067673401988071,0.4469947553478123,2511.144347667694
270,-0.13290926552305718,0.009081787036848255,0.44565377108176885,2516.8959941864014
271,0.06651211137849522,0.011693300087485583,0.44431680976852356,2540.036170721054
272,0.011636481184948831,0.015359215941783544,0.44298385933921797,2546.453862428665
273,0.19665625662857458,0.01109875671734864,0.4416549077612003,2555.456618785858
274,-0.08908216508761523,0.01073282951366086,0.4403299430379167,2564.119554758072
275,-0.14426082711340005,0.011402679097453326,0.43900895320880295,2582.5834906101227
276,0.10387281008906399,0.00920869731150257,0.43769192634917653,2590.6308059692383
277,-0.12922276688616285,0.010299691785079468,0.436378850570129,2614.1378955841064
278,0.06055280530138428,0.009160346253529975,0.4350697140184186,2623.462599515915
279,0.17547846410422027,0.009555974595447178,0.43376450487636337,2641.9172921180725
280,-0.04192331907452881,0.009003140948091943,0.43246321136173427,2647.3563618659973
281,-0.16071448097777988,0.010534513171571563,0.43116582172764906,2666.551325559616
282,-0.09318273409739501,0.010258852284298174,0.42987232426246613,2672.9412994384766
283,-0.057649997232086636,0.011520054249558598,0.42858270728967873,2677.5419573783875
284,-0.05141561196542864,0.010395315932292565,0.4272969591678097,2685.9762556552887
285,-0.15519993423956402,0.010250908900600146,0.4260150682903063,2699.1595962047577
286,-0.20772173826411233,0.010655212045336763,0.4247370230854354,2708.840078353882
287,-0.03208525932832562,0.010149818640202283,0.4234628120161791,2713.5696969032288
288,-0.2127588059562367,0.011715263807096742,0.42219242358013054,2724.835996389389
289,0.08118772468231998,0.009982648495185589,0.4209258463093902,2735.9258782863617
290,-0.22193149277505486,0.010225609130400225,0.419663068770462,2754.6411452293396
291,-0.05167986440003979,0.010529179017369945,0.4184040795641506,2760.066835641861
292,-0.31119220730186764,0.009538826304396578,0.41714886732545814,2768.5205607414246
293,-0.16199574316843,0.010343797099111336,0.41589742072348174,2774.728674888611
294,0.2523177368951101,0.011730834664699952,0.4146497284613113,2793.0965843200684
295,0.14237948267747924,0.011735750329939442,0.41340577927592737,2804.4673466682434
296,0.05317339615676908,0.009513691414102184,0.41216556193809956,2811.4316744804382
297,-0.1502046870586593,0.008698315374919625,0.41092906525228523,2821.277461051941
298,-0.02022085158153216,0.007706601880132579,0.40969627805652836,2826.1424317359924
299,0.11236215299544942,0.010199062905653759,0.40846718922235875,2834.9654669761658
300,0.08515341211791454,0.010059213746622529,0.40724178765469166,2842.7321677207947
301,-0.3510959027406424,0.009390406583957938,0.4060200622917276,2862.6137869358063
302,0.1968391181810202,0.013088293704721662,0.4048020021048524,2870.1793241500854
303,-0.04140644665051104,0.011468312266977533,0.40358759609853784,2880.2797060012817
304,-0.0021454376427011666,0.011550817266106605,0.4023768333102422,2889.2613174915314
305,-0.014823558765816307,0.01112090101530559,0.4011697028103115,2896.535476922989
306,0.24097195450180584,0.012516703681837096,0.3999661937018806,2906.476996421814
307,0.04476723149651565,0.009770683698459633,0.39876629512077494,2912.762101173401
308,0.1378096735227568,0.008595136343501508,0.3975699962354126,2923.0774965286255
309,-0.038472441000055424,0.008835319069806825,0.3963772862467064,2927.407965183258
310,-0.08485890862220435,0.010630309150168082,0.39518815438796623,2945.995893716812
311,-0.26093257491222566,0.0122912138435317,0.3940025899248023,2957.509428501129
312,0.021159223081800696,0.01160431154338377,0.3928205821550279,2966.711258649826
313,-0.15900981815231588,0.011595043317451105,0.39164212040856283,2978.8553080558777
314,0.12078204457715883,0.012166343021729007,0.39046719404733715,2991.6513228416443
315,0.26844380985694477,0.010373773707913748,0.38929579246519513,3002.603623867035
316,0.12674793428625242,0.008029619145079278,0.38812790508779954,3011.0180315971375
317,-0.05931959408169531,0.012226598550166402,0.38696352137253615,3017.187839746475
318,0.14900780646508838,0.011265704896481286,0.38580263080841853,3027.183741092682
319,0.09821346882290492,0.009710325039518268,0.3846452229159933,3034.9065198898315
320,0.007606715619279454,0.01079169697024756,0.3834912872472453,3039.945384979248
321,0.1038348708293256,0.010767342075612859,0.3823408133855036,3069.630525112152
322,0.004733096121901408,0.0105163012223359,0.38119379094534706,3090.3040227890015
323,0.11489370565962587,0.009596735300008385,0.380050209572511,3097.4602069854736
324,0.07677123594301752,0.010516813792590354,0.3789100589437935,3103.903541326523
325,-0.1296631606354876,0.009903539204970002,0.3777733287669621,3110.7846841812134
326,-0.1381692179932431,0.01044682910044988,0.37664000878066123,3116.21457695961
327,0.19254347064281727,0.010291234184666697,0.37551008875431924,3133.9432768821716
328,0.020620720865768886,0.00918314743321389,0.37438355848805627,3142.244487762451
329,0.11760271348234042,0.01099795976347507,0.3732604078125921,3153.7918598651886
330,-0.15966876630550292,0.009750855119469075,0.37214062658915437,3164.1990842819214
331,-0.08601125333376772,0.008216509938362863,0.3710242047093869,3178.3069348335266
332,0.0905586512060256,0.009549549746176077,0.3699111320952587,3200.53764128685
333,-0.09037847466652729,0.00718947170964001,0.36880139869897294,3207.1429419517517
334,-0.10457409769997399,0.009219070817431752,0.367694994502876,3230.928797721863
335,0.29292967238980616,0.008767014200650696,0.3665919095193674,3241.9475128650665
336,0.09173916260847206,0.00786925447968448,0.36549213379080925,3248.9605197906494
337,0.12320780470759646,0.01039960012558174,0.3643956573894368,3276.9240732192993
338,0.0040633049241085226,0.007942712604717322,0.3633024704172685,3282.815971851349
339,-0.20553984889132051,0.008579581820716461,0.3622125630060167,3289.945071220398
340,-0.037742494085424294,0.01047834401510449,0.3611259253169986,3296.2590866088867
341,-0.06596450432146056,0.008350962641998194,0.3600425475410476,3301.9903495311737
342,0.14897291049597758,0.008055495276494185,0.3589624198984244,3312.2842507362366
343,0.04355554731812218,0.008507614489644766,0.35788553263872913,3323.3925969600677
344,0.25991046179430155,0.007626010124970759,0.35681187604081294,3334.599965572357
345,0.11871035054095917,0.00867096695395547,0.3557414404126905,3353.3929574489594
346,0.18004839025583533,0.00911426197084459,0.35467421609145244,3366.9832875728607
347,-0.06075537015341217,0.007589646427321338,0.35361019344317807,3372.6105031967163
348,-0.04573233467007248,0.009388066898100077,0.35254936286284855,3379.481867313385
349,-0.21990215762777574,0.006350214807064952,0.35149171477426,3385.9665546417236
350,-0.19801322590879614,0.007968282513320445,0.3504372396299372,3399.2096679210663
351,0.012628350590618866,0.007417526328936219,0.3493859279110474,3408.6504752635956
352,-0.17008044198782188,0.008522908545119013,0.34833777012731426,3416.53142285347
353,0.12873711916125294,0.010671736900138654,0.34729275681693234,3436.7465856075287
354,-0.19063331821749546,0.007321803648348736,0.3462508785464815,3444.449934720993
355,-0.0034556234222194865,0.006337724132181117,0.34521212591084205,3450.279853820801
356,-0.079865489222653,0.006059126017372246,0.34417648953310953,3458.000727415085
357,0.12742073239431445,0.007465050192549825,0.3431439600645102,3466.239274263382
358,0.04231712538014784,0.007032407769778122,0.34211452818431665,3475.9813673496246
359,-0.19945677907262,0.01033686764178959,0.3410881845997637,3495.26540017128
360,-0.038789610142617954,0.010434610193923992,0.3400649200459644,3501.2844614982605
361,-0.07612692008158027,0.009312835418053769,0.3390447252858265,3510.4350974559784
362,0.0601340413571435,0.007731549094610831,0.33802759110996905,3519.7234165668488
363,-0.19039569856561941,0.008753228581820925,0.3370135083366391,3531.546743631363
364,-0.08341945576417331,0.01026178130414337,0.3360024678116292,3537.0647406578064
365,0.06626930334505202,0.009963145374786108,0.3349944604081943,3543.905861377716
366,0.049660113575192524,0.008411887787385948,0.33398947702696974,3557.8627438545227
367,0.2761235753246702,0.006695497021566899,0.3329875085958888,3570.977452993393
368,-0.1592021059344798,0.007587524539289566,0.33198854607010114,3590.5551676750183
369,0.0544898453502924,0.006854749304500032,0.33099258043189084,3598.445167541504
370,0.09787119055878302,0.007520424192218836,0.32999960269059514,3616.391219139099
371,-0.0689355066911391,0.009620487706602685,0.32900960388252337,3621.597814798355
372,0.16960023178254763,0.007163518209658239,0.3280225750708758,3632.6073224544525
373,0.0580887425165517,0.007627766548854406,0.32703850734566314,3642.4560916423798
374,0.03591980629608524,0.007885245938210729,0.32605739182362614,3650.2959241867065
375,0.034421102821779556,0.008054978191816749,0.3250792196481553,3658.9995901584625
376,0.02529308534320428,0.009401541789351353,0.3241039819892108,3664.2868654727936
377,0.004795223485960769,0.008356850008450208,0.32313167004324317,3669.9107279777527
378,0.08461990792643691,0.009373821604710359,0.32216227503311345,3676.6007142066956
379,-0.10345440164238846,0.008091077352954865,0.3211957882080141,3735.0427811145782
380,-0.04288766931618916,0.0080650218539328,0.32023220084339005,3756.6964139938354
381,-0.019924782106152096,0.006586169118236285,0.31927150424085987,3762.4479916095734
382,0.12379959459648075,0.006489390820766298,0.3183136897281373,3771.0220761299133
383,0.18785181595334166,0.007547167670201963,0.31735874865895286,3814.334931373596
384,-0.12124197893820672,0.009719475442053456,0.316406672412976,3820.957128047943
385,-0.02561005873688766,0.008112703636288642,0.3154574523957371,3826.4265925884247
386,0.18626471440946515,0.00749348185892249,0.3145110800385499,3835.821346282959
387,0.0685364160707547,0.009192150738090276,0.31356754679843424,3849.0249185562134
388,-0.032822184357791884,0.006517736269731303,0.31262684415803893,3857.2017369270325
389,-0.12226571451461868,0.007824565388452937,0.3116889636255648,3876.428612470627
390,0.11949301549119909,0.007196878028017553,0.3107538967346881,3885.506957769394
391,-0.29290807803459235,0.00792685732836869,0.30982163504448407,3906.3277184963226
392,0.2138575688766546,0.008190743410594616,0.3088921701393506,3921.9696238040924
393,-0.25519015826493335,0.00744405959029587,0.30796549362893255,3930.1735134124756
394,0.3565483164121991,0.007750648073852062,0.30704159714804574,3982.041430711746
395,0.05310726998002812,0.006886433130906274,0.3061204723566016,3988.3901755809784
396,0.076696750449566,0.006699621057710968,0.3052021109395318,3998.8367109298706
397,-0.08779298422605059,0.006642597438767553,0.3042865046067132,4007.2528142929077
398,-0.21132884223752993,0.00792746534773513,0.30337364509289305,4024.8736147880554
399,-0.03468151378203348,0.008300096520023155,0.30246352415761435,4030.0968883037567
400,-0.11034316416690929,0.00787278683105063,0.3015561335851415,4035.7422692775726
401,-0.06666198493513184,0.007452526194457378,0.30065146518438607,4042.0619530677795
402,0.11514963934797713,0.009805295256159778,0.2997495107888329,4050.8402831554413
403,-0.07893978057013826,0.008745494034342669,0.2988502622564664,4057.249405860901
404,-0.09214562876957846,0.007741130718850339,0.29795371146969696,4079.912407875061
405,-0.6586295198094922,0.008045435599382214,0.29705985033528787,4107.136490821838
406,0.051252249365630845,0.007401675300022203,0.296168670784282,4117.2394926548
407,0.16013172372591164,0.00879306495805983,0.29528016477192914,4128.1093826293945
408,0.07285082128938439,0.006589376840137821,0.29439432427761336,4148.630389451981
409,-0.06706236901545184,0.009508702661032263,0.2935111413047805,4153.078696012497
410,0.010570599730819127,0.007362476114231424,0.29263060788086614,4159.842402935028
411,0.16376518316193964,0.007237039911948765,0.2917527160572235,4178.071084976196
412,0.24842563703072915,0.009337364699493981,0.29087745790905184,4188.66456079483
413,0.08588550455470298,0.010332821410090204,0.2900048255353247,4198.7865607738495
414,-0.12726780116718653,0.008512308008882195,0.28913481105871874,4206.129356384277
415,0.004959294474925102,0.006925106521300746,0.28826740662554257,4212.014246463776
416,0.07434879827969337,0.00823122736566314,0.28740260440566595,4219.10270857811
417,-0.1939623918845315,0.008473793604296813,0.28654039659244895,4228.374732255936
418,-0.11776879044363289,0.007003162036938914,0.2856807754026716,4250.377764940262
419,-0.18898501933574363,0.007030578007778296,0.2848237330764636,4270.046385526657
420,0.016020930997053873,0.010352408091245914,0.2839692618772342,4294.9889986515045
421,0.24895042903707118,0.008970956365190127,0.2831173540916025,4332.755832433701
422,-0.07128147671414706,0.009986726388048667,0.28226800202932767,4337.626563072205
423,0.030714048686884807,0.008420249188525809,0.28142119802323967,4343.9534957408905
424,0.4245045449936041,0.008785980949012031,0.28057693442917,4377.092113018036
425,-0.06342699289839493,0.008845796081004664,0.27973520362588244,4382.816551685333
426,0.009665699517493048,0.007241452041153724,0.2788959980150048,4387.727877378464
427,-0.19225980179134577,0.008404160266303841,0.2780593100209598,4401.026972055435
428,-0.216168858100351,0.007174689290869949,0.2772251320908969,4418.868806838989
429,-0.08067986026045429,0.008778403301961547,0.2763934566946242,4426.2045221328735
430,-0.0038665171628494456,0.0077167424994210405,0.2755642763245403,4457.7808973789215
431,0.014613938522275202,0.007976918675315877,0.27473758349556665,4463.2472360134125
432,0.07068665649280326,0.007854255784574585,0.27391337074507993,4471.254204034805
433,-0.05873313188259954,0.007842777503122176,0.2730916306328447,4477.417768478394
434,-0.10263027327696753,0.007762217544950545,0.27227235574094616,4499.236687898636
435,0.05359168817879093,0.008485113798187824,0.2714555386737233,4516.063379764557
436,-0.05437453823307155,0.008037946448894218,0.2706411720577021,4524.112662553787
437,-0.1425534071666642,0.007589993424488196,0.269829248541529,4547.698514699936
438,-0.1567836070917829,0.0067766006242621826,0.2690197607959044,4568.081282615662
439,0.1654090631188913,0.005955877325808008,0.26821270151351667,4577.8012182712555
440,0.39626196039939976,0.007273497248892314,0.2674080634089761,4615.8736708164215
441,0.030108636118384033,0.006747814593836665,0.2666058392187492,4620.789570808411
442,-0.0015805722828679397,0.006759365416309308,0.26580602170109296,4627.957566738129
443,-0.036541446541307324,0.007669851682814104,0.26500860363598966,4635.124274730682
444,0.12598446255571527,0.008607898708866087,0.2642135778250817,4660.7958109378815
445,0.5519348154726131,0.007182032904863061,0.26342093709160647,4704.824147224426
446,-0.1084432170140695,0.0068705413902464966,0.26263067428033166,4709.739460945129
447,0.2442053942081796,0.007009249222208532,0.26184278225749064,4741.9216866493225
448,0.14706615860354535,0.008241153592108816,0.26105725391071816,4752.898120164871
449,0.0008425170913839986,0.007085363755411491,0.260274082148986,4759.9123504161835
450,-0.033735563284903396,0.007026406409947768,0.2594932599025391,4764.406201839447
451,0.04466707621721918,0.007043552918317305,0.25871478012283144,4784.379277467728
452,0.04924437377865204,0.0055707496089430954,0.25793863578246295,4791.068943023682
453,0.03160238422928138,0.007070101866371591,0.2571648198751156,4798.477606534958
454,-0.3523348755466407,0.006844905979620914,0.25639332541549026,4821.041220188141
455,0.001446979379950676,0.007181168406033048,0.2556241454392438,4829.458336114883
456,-0.020763416769275737,0.007111637878805659,0.25485727300292604,4855.027435541153
457,-0.1013591554031588,0.005956432603178891,0.25409270118391725,4863.869999885559
458,0.24617049352093007,0.006555762098504425,0.2533304230803655,4884.113156557083
459,-0.0765902488905928,0.006487759443189134,0.25257043181112443,4903.631106853485
460,0.09922185585831271,0.00610762425470924,0.25181272051569104,4929.310216426849
461,-0.08789262175564358,0.005026151071550375,0.251057282354144,4946.066048622131
462,0.02666489771369803,0.006955950320590027,0.25030411050708157,4953.443318128586
463,0.003874076347362757,0.005108239485559111,0.24955319817556032,4961.639707565308
464,-0.019799416372282004,0.004761813005672828,0.24880453858103363,4967.2643167972565
465,-0.016603126641948667,0.007365870748317856,0.24805812496529053,4973.272822141647
466,0.07698889293725143,0.007402841301581306,0.24731395059039465,4994.325954437256
467,0.14442624531160597,0.006049758749297605,0.24657200873862348,5014.095201969147
468,-0.015368094524695437,0.007759309765931807,0.2458322927124076,5020.667085409164
469,-0.05758712046205131,0.004984086173187409,0.24509479583427038,5026.894574642181
470,-0.009873840455413617,0.0053239729438376215,0.24435951144676757,5032.107520580292
471,0.04458975452144351,0.007666857433220257,0.24362643291242728,5040.2758140563965
472,0.6519868696587594,0.005500360851021851,0.24289555361369,5086.020644664764
473,-0.07133048510857587,0.005588956870842022,0.24216686695284892,5107.548452138901
474,-0.03460022829155392,0.0048371721421264936,0.24144036635199037,5115.097928524017
475,0.08286268612557691,0.006958590280687945,0.24071604525293439,5131.995418548584
476,0.05618006883826777,0.006229436240817715,0.2399938971171756,5139.053321123123
477,-0.10956063169408578,0.007451406312139548,0.23927391542582405,5158.8834528923035
478,-0.06685258429160114,0.005950066210775107,0.23855609367954658,5167.333356142044
479,0.7651096378915467,0.005908359648403136,0.23784042539850794,5208.922338724136
480,-0.06137322152123592,0.005532913306659019,0.2371269041223124,5233.215595960617
481,-0.07856998335607895,0.004741900473954561,0.23641552340994548,5241.0232145786285
482,0.0022864774609623884,0.005497305686477312,0.23570627683971565,5248.330060005188
483,0.07002065005622199,0.006883540584980933,0.2349991580091965,5262.124609231949
484,0.03792657785014224,0.005299723247021791,0.2342941605351689,5281.196976184845
485,-0.2640789094126981,0.006636322015406986,0.23359127805356342,5301.931724309921
486,0.06868352016390156,0.00647183978851913,0.23289050421940272,5321.837909460068
487,-0.011230079696255987,0.006024957280950966,0.2321918327067445,5330.733931779861
488,-0.03386887483229187,0.00534784088221689,0.23149525720862427,5342.5956263542175
489,0.06723377778360277,0.006525987149639563,0.2308007714369984,5351.6245193481445
490,0.1610645876374803,0.005680879085005519,0.2301083691226874,5383.147290229797
491,-0.1400560306722477,0.006732380796562541,0.22941804401531934,5399.998237609863
492,-0.18594611941432598,0.0074332000898017035,0.2287297898832734,5409.996045589447
493,-0.06792866428730225,0.006602254675339852,0.22804360051362357,5430.300488710403
494,-0.06197626550358802,0.005543821241839656,0.2273594697120827,5435.4841022491455
495,0.5063860739571017,0.006063257592721182,0.22667739130294645,5480.590460777283
496,-0.05256986614646666,0.00594903358075096,0.22599735912903762,5490.471079349518
497,0.01770000117315502,0.005711167976501045,0.2253193670516505,5508.193761348724
498,-0.008267514189896174,0.005404166822366449,0.22464340895049556,5542.05508184433
499,0.12989477731261356,0.005503273865990881,0.22396947872364406,5553.083886146545
500,-0.08396483325192869,0.004920531341877694,0.22329757028747313,5569.120876789093
501,-0.06452325212177493,0.004429120771502229,0.2226276775766107,5574.130936861038
502,0.12170707265867166,0.006246905302583811,0.22195979454388087,5592.951386213303
503,0.2230245914769357,0.006281964363920134,0.22129391516024924,5624.759010076523
504,0.22178349437318606,0.005096093332394957,0.2206300334147685,5635.964711904526
505,0.3236378482642015,0.0053633621205144005,0.2199681433145242,5674.309539318085
506,-0.20216892127450867,0.005136717663845047,0.21930823888458062,5693.712572097778
507,0.017157606252350167,0.005441161638418259,0.21865031416792688,5712.183532714844
508,0.014549485284028038,0.005808534660291942,0.2179943632254231,5752.628217220306
509,0.07245186426197829,0.004651940174597324,0.21734038013574683,5769.615039110184
510,-0.010054795979501728,0.004938387363083768,0.21668835899533959,5790.595697402954
511,0.026468053319036657,0.004367311408610216,0.21603829391835358,5801.796617031097
512,-0.008147374192900118,0.0046401059977749055,0.21539017903659852,5809.872444391251
513,0.017807569877175928,0.00435208329730028,0.21474400849948871,5818.433402299881
514,0.14066706180246114,0.004509681206265533,0.21409977647399026,5827.397050142288
515,-0.13721102429676407,0.0060198995117098095,0.21345747714456828,5846.368022441864
516,0.07963303133382664,0.005053863407259709,0.21281710471313459,5855.632544994354
517,0.0817089298145629,0.004179654047702965,0.2121786533989952,5873.211718559265
518,0.016367248248297238,0.0052304152291117595,0.2115421174387982,5902.833701848984
519,-0.03686566817265177,0.0055034403356128475,0.2109074910864818,5924.558088064194
520,-0.15206151211897895,0.0054269675446417314,0.21027476861322236,5946.442948818207
521,-0.09386068631751723,0.005089316467222359,0.2096439443073827,5951.664159297943
522,-0.029776124771037846,0.005137808915238116,0.20901501247446055,5978.178417921066
523,-0.009913604695671803,0.005289635781584115,0.20838796743703716,5987.677650928497
524,-0.036203022235173285,0.0047009187983348966,0.20776280353472606,5996.806602478027
525,-0.04544364953728068,0.00571034022141248,0.20713951512412188,6006.0441110134125
526,-0.15365760098832543,0.00504314569344026,0.2065180965787495,6030.994272232056
527,0.21257913276422688,0.004752586331211633,0.20589854228901325,6051.74112701416
528,0.27749020435411215,0.005602840779172863,0.20528084666214622,6077.1674563884735
529,0.2621973030937834,0.004597545428547316,0.20466500412215977,6102.167531490326
530,-0.03581448003141112,0.004688519098283362,0.2040510091097933,6121.954230070114
531,-0.03385543361035957,0.004780281949529631,0.2034388560824639,6128.344096183777
532,0.017634546285883623,0.004472610409633664,0.2028285395142165,6153.34607052803
533,0.16764637892295842,0.004673444834543851,0.20222005389567385,6176.594212293625
534,-0.008338741817143228,0.004201717153773643,0.20161339373398682,6189.142490148544
535,0.013162402057707547,0.004836302953772247,0.20100855355278485,6201.008103609085
536,0.033465180872381345,0.005238317035357742,0.20040552789212648,6207.035542964935
537,0.15517555344067538,0.004426613164042341,0.1998043113084501,6219.861514806747
538,0.03286347649101058,0.005437847596822086,0.19920489837452476,6238.046564340591
539,0.00725822978952468,0.006145078658156998,0.1986072836794012,6252.125059843063
540,0.041166116686939445,0.005137016649314319,0.198011461828363,6271.532960653305
541,0.007428786764102146,0.004507212545460378,0.1974174274428779,6282.824537992477
542,-0.05223981949139299,0.004514832264528825,0.19682517516054926,6287.746979475021
543,0.312437935806632,0.004412051729008961,0.19623469963506762,6310.03113079071
544,-0.03944044788716412,0.004338775825065871,0.1956459955361624,6332.514951944351
545,-0.10714627989390597,0.004532658230221155,0.1950590575495539,6362.828890323639
546,-0.38437362655967183,0.004232971767014095,0.19447388037690524,6387.8733632564545
547,-0.09682836019441357,0.004089193464532285,0.19389045873577454,6399.256220817566
548,-0.14427911429469592,0.004306368383843063,0.19330878735956722,6419.6167187690735
549,0.04085686150568841,0.005168240387339462,0.1927288609974885,6434.259540081024
550,0.1357462781847913,0.0050084093836919655,0.19215067441449604,6444.493326425552
551,0.011401407114221211,0.005827418949383383,0.19157422239125255,6453.162828922272
552,-0.029949920573967163,0.0058631036441684475,0.1909994997240788,6466.4481909275055
553,0.464326571331538,0.004833197413551572,0.19042650122490654,6508.281839132309
554,0.36238511403440826,0.004531825264314757,0.18985522172123181,6549.751483201981
555,-0.32306158156245074,0.00425510556416829,0.18928565605606812,6583.751877307892
556,-0.25203906840540974,0.003807707449388025,0.1887177990878999,6604.953350782394
557,-0.0807103675643979,0.004139324942752059,0.1881516456906362,6622.197504997253
558,-0.00424368857138401,0.0037115813317624004,0.18758719075356428,6639.068883180618
559,-0.29888333615817897,0.0047889086977419195,0.18702442918130358,6666.2869572639465
560,0.2622773822491054,0.0043409552007826775,0.18646335589375967,6701.151445388794
561,-0.358781976058298,0.004398355233404638,0.1859039658260784,6731.240228891373
562,-0.10522479310619595,0.004108151342774177,0.18534625392860016,6752.257479190826
563,0.08401833239808686,0.004240399533531896,0.18479021516681435,6774.455377340317
564,-0.14391824782470064,0.004032736900812528,0.1842358445213139,6793.719240665436
565,-0.0270217013157708,0.003883012109012766,0.18368313698774996,6802.762712717056
566,0.1587328849481723,0.003863982770196868,0.1831320875767867,6827.641217947006
567,0.04989001159150353,0.003417336158644484,0.18258269131405633,6835.839201450348
568,-0.0497916928077634,0.004670796073525089,0.18203494324011416,6852.098439693451
569,0.041423339902743224,0.003727714054427723,0.18148883841039382,6883.2906448841095
570,0.14157725500017648,0.003834347416061995,0.18094437189516263,6915.246562957764
571,-0.15255875680204034,0.003312272946156251,0.18040153877947715,6937.049068689346
572,0.12544021925631724,0.005255069536785897,0.1798603341631387,6949.221738815308
573,0.23390453313710036,0.003995459170367283,0.1793207531606493,6978.312258243561
574,0.2062658004686024,0.004019798385626119,0.17878279090116736,7005.329360485077
575,-0.09971233980869593,0.00373401351674622,0.17824644252846386,7041.803858041763
576,0.11276821961905863,0.004348166905862244,0.17771170320087848,7054.240577697754
577,0.006498764580217597,0.00408702183187292,0.17717856809127586,7072.372276306152
578,-0.046420400470725154,0.0043124235367053764,0.17664703238700202,7102.548177719116
579,0.2148640228702833,0.0036286231641628848,0.17611709128984102,7131.690827131271
580,0.09349498698264642,0.0036546773945294957,0.1755887400159715,7161.3927454948425
581,0.12424891672278149,0.0033654541174191043,0.1750619737959236,7182.335237026215
582,-0.10777767572840018,0.00328767486812117,0.1745367878745358,7202.30517244339
583,0.08430350117738099,0.0039009574897988122,0.1740131775109122,7226.01184630394
584,-0.07227858871413938,0.0029291908722370863,0.17349113797837945,7230.925219535828
585,0.1808457177374276,0.0038777517887914705,0.17297066456444432,7253.347291707993
586,-0.11783107010761962,0.003718426899285987,0.172451752570751,7277.426563739777
587,0.06092513023514132,0.003628880007589167,0.17193439731303872,7286.3407373428345
588,0.11782133958761694,0.0035772016073190947,0.1714185941210996,7305.04944229126
589,-0.08366961573600364,0.002895819918686678,0.1709043383387363,7325.3345828056335
590,-0.03827921441149593,0.0026282248533486077,0.1703916253237201,7331.774180173874
591,-0.03901371704644605,0.004171635609750143,0.16988045044774894,7337.837017536163
592,-0.07126548283385253,0.0033018770555561755,0.1693708090964057,7355.232853412628
593,-0.011871018246889888,0.003079831908551222,0.1688626966691165,7380.405049085617
594,-0.04473136859142253,0.0025818977516055817,0.16835610857910915,7387.5875515937805
595,-0.0461659060766796,0.00263321527486874,0.16785104025337183,7408.16698551178
596,0.06386786589163569,0.0030817007861186226,0.16734748713261172,7426.444201231003
597,-0.052557983858624965,0.00327060077987855,0.16684544467121387,7442.959139108658
598,-0.1380051410521968,0.002711651919024258,0.16634490833720023,7460.5944809913635
599,0.10342609233161094,0.0032335664333415126,0.16584587361218864,7488.470985889435
600,0.07241417024735487,0.005004793218562774,0.16534833599135207,7499.172696828842
601,-0.20402626941493415,0.003838038151928534,0.164852290983378,7521.799522161484
602,0.05815595334540506,0.003047140414167677,0.16435773411042787,7544.2124609947205
603,-0.3652399449851507,0.0029699204093429133,0.1638646609080966,7554.939277410507
604,0.07533178094223768,0.004228537638222666,0.1633730669253723,7564.070060253143
605,-0.06175808379047526,0.002756703891517485,0.16288294772459616,7570.079514741898
606,0.3938282293127877,0.00333009280053437,0.16239429888142237,7604.867991924286
607,-0.1673751088043394,0.0033658823979619357,0.1619071159847781,7616.098783016205
608,0.032849249017233864,0.003434278039815675,0.16142139463682378,7633.805139780045
609,-0.013444109955604728,0.0029826104781581183,0.1609371304529133,7663.990629911423
610,0.014374439388823549,0.0036984508328490938,0.16045431906155455,7682.656614303589
611,-0.05596706206199363,0.0028848966568424976,0.15997295610436987,7710.21835899353
612,0.054021947059608555,0.0025652912786851326,0.15949303723605676,7722.178186416626
613,0.17291503978188955,0.003256210888966135,0.1590145581243486,7748.577617883682
614,0.01600705953429445,0.0024521571341776164,0.15853751444997555,7760.318737745285
615,0.20550015171166147,0.002620369703080719,0.1580619019066256,7798.881815195084
616,0.3460863579070074,0.0031568297181057475,0.15758771620090573,7842.178104877472
617,0.08234446063399047,0.0023795389540058063,0.157114953052303,7854.390871524811
618,-0.14599470856307895,0.003137427794376426,0.1566436081931461,7862.666197538376
619,0.11875124964131709,0.002578778463331136,0.15617367736856666,7871.717753410339
620,-0.12080104209911376,0.0035264542794977436,0.15570515633646095,7884.14463353157
621,0.05659948232615661,0.0030453127724203197,0.15523804086745158,7909.011986255646
622,-0.022318368864909746,0.0032840549687130583,0.15477232674484923,7916.728026628494
623,0.1207051077366573,0.002870646694339986,0.15430800976461467,7933.282745361328
624,-0.09769525362818025,0.0027083040923432653,0.15384508573532082,7951.308169126511
625,0.009701201557097746,0.0037963406392941025,0.15338355047811486,7958.386492013931
626,0.2271174481289339,0.002903928997259198,0.15292339982668052,8007.635957479477
627,0.13560858771594023,0.00289912468027584,0.15246462962720048,8049.770368814468
628,-0.015937031960956034,0.0029504925878427457,0.15200723573831887,8055.567533016205
629,0.008479154928840531,0.0032932153767130028,0.15155121403110391,8074.052301168442
630,0.05385224098980132,0.0024757108995029087,0.1510965603890106,8103.492466688156
631,-0.04168896050523428,0.0025985584656525785,0.15064327070784356,8156.4570207595825
632,0.08873572885336253,0.0021696106773124984,0.15019134089572003,8168.043054103851
633,0.2259930755819582,0.002482140898163289,0.14974076687303287,8196.583897590637
634,0.06980500547588246,0.0025367797419536286,0.14929154457241375,8227.565548658371
635,0.09618194559230005,0.0022219995444174856,0.14884366993869652,8249.668051719666
636,0.028789521790112238,0.002423213084977938,0.14839713892888043,8256.70718240738
637,0.054058197450382615,0.0023540644213512893,0.14795194751209378,8275.889674901962
638,0.014532316748711221,0.0020887503239517924,0.1475080916695575,8281.92480635643
639,-0.054236928710871435,0.002543343413363848,0.14706556739454882,8293.982873678207
640,0.0164035506897009,0.0024322596609394633,0.14662437069236517,8311.377768039703
641,0.03580581775508933,0.002639617132289069,0.14618449758028806,8317.601407527924
642,0.17336644246049454,0.0022777358561740326,0.1457459440875472,8338.057104110718
643,-0.09761810369133848,0.0022726533643435687,0.14530870625528455,8344.082898139954
644,-0.034788562743626066,0.0022656794834506125,0.1448727801365187,8369.038741350174
645,0.26484273065009534,0.0025857307353160447,0.14443816179610913,8398.849603414536
646,0.03093305946170108,0.0021913051352147822,0.1440048473107208,8406.61111164093
647,0.13704495555699994,0.002297841039762716,0.14357283276878863,8417.046938419342
648,-0.044799631176626095,0.0022463154186530467,0.14314211427048226,8425.668465614319
649,-0.07428125161441018,0.0024631657848382203,0.1427126879276708,8449.591205596924
650,0.05722171821431851,0.0024116499079687016,0.1422845498638878,8459.817747831345
651,-0.03604076241930274,0.0023637242224400063,0.14185769621429614,8483.030772686005
652,-0.007148587496436477,0.0027889488964431444,0.14143212312565326,8500.530727386475
653,0.17090007197418866,0.0026162413244316053,0.1410078267562763,8538.005576610565
654,-0.01690359433578587,0.001817598837078549,0.14058480327600748,8544.343293905258
655,0.05142668125749517,0.0023754165529538238,0.14016304886617945,8574.699134349823
656,-0.07447165801193889,0.002674055102813457,0.1397425597195809,8582.896572113037
657,0.08741915658373736,0.00251302552030627,0.13932333204042216,8592.663827180862
658,0.04530320113996159,0.002432248073103503,0.1389053620443009,8615.784140110016
659,0.004726975503730111,0.002417289985007503,0.138488645958168,8622.091548204422
660,0.009182802879371923,0.0024638655475402653,0.1380731800202935,8664.21238565445
661,0.03319125441085972,0.0020674157758548972,0.13765896048023263,8674.786033391953
662,0.12398612953722067,0.002395920393873762,0.13724598359879192,8685.83720445633
663,0.0029774844671909273,0.0021562298121772564,0.13683424564799554,8724.460603237152
664,0.16574320604305182,0.0020139314108886396,0.13642374291105155,8762.963452577591
665,0.08365850827065795,0.0021409709350632623,0.1360144716823184,8793.162930488586
666,0.1679840902261702,0.002214911990076638,0.13560642826727143,8816.703435659409
667,-0.023647400606207715,0.0021520794964291984,0.1351996089824696,8821.769781827927
668,0.02966618554970694,0.002159977830160642,0.1347940101555222,8834.420237779617
669,0.08087552949548842,0.0021756850843688297,0.13438962812505564,8874.821665763855
670,-0.04942270839525659,0.00228978711159995,0.13398645924068048,8895.689787626266
671,0.4529563422426421,0.002146480733319332,0.13358449986295842,8942.410298109055
672,0.006041538221119337,0.001966656498344881,0.13318374636336955,8948.588106870651
673,0.02845734950339124,0.0019995535856911113,0.13278419512427944,8959.809342861176
674,0.24001233232303637,0.002103580200415117,0.1323858425389066,9004.368833780289
675,0.004372606677846579,0.0019915359849836506,0.13198868501128988,9021.098215579987
676,0.01463137996384883,0.0018212954393496401,0.13159271895625602,9039.705288887024
677,0.14073102504603577,0.0022440097108140915,0.13119794079938724,9050.642259836197
678,0.23532103515303443,0.001970541525292689,0.13080434697698906,9082.372312784195
679,0.23183289120306577,0.0023829444069097074,0.1304119339360581,9123.369708538055
680,0.09073114637253765,0.0019962914427742364,0.13002069813424993,9142.510558128357
681,-0.016944917954710283,0.0018525082533539948,0.12963063603984717,9180.18907546997
682,0.04988251370344969,0.0018913978415452328,0.12924174413172762,9200.862066745758
683,0.41354152194995797,0.0016820228280558759,0.12885401889933243,9244.837054252625
684,0.042030583650452445,0.0018198761541129357,0.12846745684263444,9287.054006099701
685,0.0509933235025775,0.001783491231457103,0.12808205447210655,9306.494701623917
686,-0.02511983271832191,0.0020038099305349447,0.12769780830869024,9322.829213142395
687,-0.10416440132440229,0.001661832669503556,0.12731471488376417,9341.352668762207
688,0.002493280711388001,0.0017731412803254057,0.12693277073911288,9350.281009197235
689,0.11858241362469511,0.0017868894841133927,0.12655197242689553,9370.417263031006
690,0.40262817721939387,0.0017679227401743677,0.12617231650961486,9419.086310625076
691,0.04831843109476777,0.0015671087455792496,0.12579379956008602,9429.616271018982
692,0.011186295289350886,0.0018006417850739563,0.12541641816140575,9446.181005477905
693,-0.06806940172373187,0.0018476872908355989,0.12504016890692154,9489.883384227753
694,-0.08172000417868718,0.0016897324810498486,0.12466504840020078,9498.38551568985
695,0.3323799446181106,0.0015235649124833242,0.12429105325500017,9534.804387807846
696,0.036643465373116295,0.0015684851596597582,0.12391818009523517,9564.629515647888
697,0.1319014433218342,0.0016351572412531823,0.12354642555494946,9590.496341705322
698,-0.07267651892410108,0.0020039662752135818,0.12317578627828461,9615.211381196976
699,0.3572197248648955,0.0014939764494665412,0.12280625891944975,9649.91523385048
700,-0.10852589325054082,0.0021389893227024004,0.1224378401426914,9661.941112041473
701,0.11261584154762165,0.0017260935512864823,0.12207052662226334,9682.322498321533
702,-0.07596730442884339,0.0015077514970991096,0.12170431504239655,9691.624053955078
703,0.05859812685071334,0.0015506255427690965,0.12133920209726937,9719.020341873169
704,-0.029296785153466058,0.001423085267931499,0.12097518449097756,9727.97805595398
705,-0.006651031456005884,0.0016870242709826147,0.12061225893750463,9745.128056287766
706,0.398973591681757,0.0015136071655048144,0.12025042216069212,9789.559705495834
707,0.0870954962834023,0.001617339981776726,0.11988967089421004,9809.50597000122
708,-0.050935392732250624,0.0014797697903954291,0.11953000188152742,9830.8215239048
709,0.2484438464690517,0.0012400873471728289,0.11917141187588283,9856.814397335052
710,0.4251477342202176,0.0014767749196125124,0.11881389764025518,9911.642434120178
711,0.4362299606353952,0.0014368265780168427,0.11845745594733442,9946.689816474915
712,-0.01772499210673231,0.0015823011817701627,0.11810208357949242,9957.130071401596
713,-0.02938141092641996,0.0017425082000305078,0.11774777732875394,9962.347831964493
714,-0.02474911194857209,0.0012799975038825663,0.11739453399676768,9999.975656747818
715,0.02335670099558328,0.0010659210616722702,0.11704235039477738,10006.225595474243
716,0.08341299057444095,0.0013386623134526113,0.11669122334359305,10018.132421016693
717,0.01698453235787915,0.0014281717459229625,0.11634114967356228,10027.654403924942
718,-0.018590104252963945,0.0015843127362637056,0.1159921262245416,10036.566983938217
719,-0.14431675990832585,0.001669906019084552,0.11564414984586797,10044.519757270813
720,0.05897238042514206,0.00165505042638291,0.11529721739633036,10051.978155612946
721,-0.14493026243507487,0.0014117542243542963,0.11495132574414137,10073.529737949371
722,-0.02291632052738244,0.0015930949212898584,0.11460647176690894,10082.71793293953
723,-0.05842262909318187,0.0014385349003768406,0.11426265235160821,10114.925659656525
724,-0.03668370963756902,0.002229925669620142,0.11391986439455339,10121.013902902603
725,0.09565207718808434,0.0013494975848119598,0.11357810480136972,10156.989382982254
726,-0.011139520601163605,0.001271688161176388,0.11323737048696561,10179.35664319992
727,-0.04089880326319371,0.00151049700752634,0.11289765837550471,10198.878479242325
728,0.024382433858778148,0.0011260532144438096,0.1125589654003782,10207.108596086502
729,-0.07951776028465751,0.0014661164838928795,0.11222128850417706,10216.369614839554
730,-0.02628815067533459,0.0012934850279374846,0.11188462463866453,10220.56424665451
731,-0.11899947107910822,0.0016007118402771524,0.11154897076474853,10238.387785196304
732,-0.03718549880739502,0.0012580446257748172,0.11121432385245428,10267.381791830063
733,-0.14618089608478033,0.0011992268880035158,0.11088068088089692,10307.0663895607
734,0.2565181336869935,0.0011667499445850286,0.11054803883825423,10342.507730960846
735,0.03433802184148163,0.0012826155273758463,0.11021639472173947,10360.104553461075
736,-0.045582374579373044,0.001164570617813455,0.10988574553757426,10367.917315483093
737,0.06159801608918794,0.001438682504143065,0.10955608830096153,10386.17975139618
738,-0.01075904849087618,0.0013932702646483309,0.10922742003605865,10391.104057788849
739,-0.1242011840538531,0.0016720002649190764,0.10889973777595047,10422.20998620987
740,0.05290904748980013,0.0013813827899866737,0.10857303856262261,10433.70873761177
741,0.22723608585402943,0.0015587743347168725,0.10824731944693475,10480.854413986206
742,0.03897466305154118,0.0014677084422535227,0.10792257748859395,10500.762108564377
743,-0.05608437607152505,0.001359728034696586,0.10759880975612816,10505.003207683563
744,0.08234802883496581,0.001993206376937451,0.10727601332685978,10517.595760822296
745,0.015305281340847828,0.0016884885181853962,0.1069541852868792,10529.10065484047
746,-0.016316010502539915,0.002019785847514868,0.10663332273101855,10533.967673540115
747,0.08105229332099087,0.0014004391701379364,0.1063134227628255,10550.852359294891
748,0.2581697957295679,0.0012006572422893335,0.10599448249453702,10600.789014101028
749,-0.11380050183040584,0.0013060238450057359,0.10567649904705341,10625.856740236282
750,0.09796068678527692,0.0012003277881762408,0.10535946954991225,10674.471178531647
751,0.039158496853275715,0.0012284662586876727,0.10504339114126252,10685.424275398254
752,0.09757833960227534,0.001071257936321975,0.10472826096783873,10697.072264671326
753,0.09576070175653927,0.0010723115594469402,0.10441407618493521,10709.412187576294
754,-0.16829875082361287,0.0013627359603791014,0.10410083395638041,10722.128687858582
755,0.18981726807934104,0.0011788444883301737,0.10378853145451127,10769.454924821854
756,0.09761152761957183,0.0009930447860493918,0.10347716586014773,10778.628635168076
757,-0.05304279401152874,0.001180570831153697,0.10316673436256728,10788.534712791443
758,-0.13749026724603414,0.0013201949768699706,0.10285723415947957,10816.63132739067
759,0.08900973891595164,0.0011833404140946056,0.10254866245700113,10827.948683261871
760,-0.1308610749852839,0.0011919801414922904,0.10224101646963013,10848.10078573227
761,0.17244762642170033,0.0010720349857831096,0.10193429342022124,10879.271160364151
762,0.09815306154172235,0.0012224701515931105,0.10162849053996058,10928.22329902649
763,-0.069824083754977,0.001162452261067099,0.10132360506834069,10934.55773115158
764,0.0789639670242865,0.0009047267645095977,0.10101963425313566,10947.009233236313
765,0.06570123938381651,0.0011933000598219224,0.10071657535037626,10959.769393444061
766,0.030671760617680732,0.0009493770924688992,0.10041442562432513,10968.464931488037
767,-0.032754268335811576,0.0011818921445237553,0.10011318234745216,10993.13679265976
768,0.07448896593443002,0.0011854843828608794,0.1,11024.566805839539
769,0.03525682504229269,0.0009572406925788496,0.1,11042.058083057404
770,-0.011961305233233584,0.0011794379248211571,0.1,11087.41483950615
771,0.009969723234563889,0.0007811072973709088,0.1,11095.551789045334
772,-0.07245482468617502,0.001002317845276771,0.1,11121.928778409958
773,-0.016172144546238814,0.0007932922008977686,0.1,11128.318715572357
774,0.12217094453706695,0.0010513832266488131,0.1,11166.44445157051
775,-0.06430620268249643,0.0009411555651308003,0.1,11191.18260216713
776,0.08057131791014928,0.0009919065419829345,0.1,11206.5214240551
777,0.007051755834025036,0.0011459802483665968,0.1,11216.058995008469
778,0.053169416834791844,0.0010809043256835226,0.1,11241.371864080429
779,0.18426525016626627,0.0011130879982815575,0.1,11261.701176404953
780,-0.05371221333928254,0.0009424134807546108,0.1,11300.272847175598
781,-0.24102975614476924,0.0009154847482869659,0.1,11343.537163972855
782,0.0277919416988531,0.0010128076098308984,0.1,11352.685203075409
783,-0.006562409256506628,0.0009083807948330531,0.1,11375.195068836212
784,-0.03508564495449843,0.0008381043058674199,0.1,11400.345442295074
785,-0.06392332201538559,0.0008255907809676925,0.1,11420.872593164444
786,0.16827007662073817,0.0009559277950237239,0.1,11442.252643823624
787,-0.11741166560638877,0.0011218088188408208,0.1,11458.597043037415
788,-0.03388601516386283,0.001012182194429797,0.1,11476.845166921616
789,0.04247360797911771,0.0009053607625486492,0.1,11486.405634641647
790,0.10961505185872113,0.000946103976177372,0.1,11537.161451339722
791,0.12023351048291483,0.0009195828741793824,0.1,11562.831607818604
792,0.27251397826918444,0.0009868730065212994,0.1,11601.807495355606
793,-0.09446653251148121,0.0009066223910416565,0.1,11627.227729320526
794,-0.015822006063532967,0.0009943973744721633,0.1,11632.662057161331
795,-0.02617198219960882,0.0013387475107894996,0.1,11641.416776418686
796,-0.08132947475314238,0.0010119692603657148,0.1,11674.82432937622
797,-0.005655989682037212,0.0009908855796530711,0.1,11696.437220096588
798,0.033762869444757905,0.0009041542616071625,0.1,11717.083542108536
799,0.00881170430281148,0.0010160310210065087,0.1,11726.033527612686
800,0.013389197562952532,0.0010066363577677223,0.1,11749.731424331665
801,0.027594887178346184,0.000952945998212653,0.1,11768.763851642609
802,0.15719952963828,0.0010043769767538412,0.1,11803.000546693802
803,-0.0540576727867101,0.0007972629046937646,0.1,11809.635928869247
804,0.12084704836824492,0.0007835967491915012,0.1,11835.338612556458
805,-0.04039188631704952,0.0008242717996000539,0.1,11847.287227392197
806,0.14996945647895352,0.0008455678190628017,0.1,11881.24204993248
807,-0.07478569279342259,0.0009478483862139264,0.1,11908.702105045319
808,-0.02604826825343371,0.0008623885265218892,0.1,11926.947269916534
809,-0.014605430629949834,0.0008344426327052393,0.1,11933.169708967209
810,-0.02724340781998047,0.0009876002638846777,0.1,11942.194410324097
811,-0.05469924093591616,0.000851558034604926,0.1,11970.29685997963
812,0.13005293621987363,0.0008499745288330479,0.1,11997.15077996254
813,0.28845557507217023,0.0008439373218846557,0.1,12042.418955564499
814,0.23952646511167763,0.0007391240274560686,0.1,12091.090272426605
815,-0.02816531987423697,0.0009569797621706859,0.1,12114.034826517105
816,-0.03700483793670285,0.0006975026452331107,0.1,12139.310004234314
817,-0.030935743219076727,0.000759962135925889,0.1,12169.30192232132
818,0.05984469176387516,0.0006737790675739175,0.1,12188.132341384888
819,0.011129448852639041,0.0006670760886313824,0.1,12208.168838262558
820,0.04203682622456914,0.0008447429332031439,0.1,12216.95323419571
821,-0.024243980892931713,0.0006283111674632846,0.1,12235.440541267395
822,-0.031919905967420434,0.0005948940512704818,0.1,12243.740899324417
823,0.007570320734165102,0.0005413942141378106,0.1,12249.13977599144
824,-0.08479560260639124,0.0009829135973739218,0.1,12260.093615531921
825,-0.03865307582866387,0.0005948178586550057,0.1,12267.425014972687
826,0.03586206693626398,0.000665201547782369,0.1,12290.890091180801
827,0.015165431451299085,0.0007450954275053187,0.1,12300.590774536133
828,0.22508901217806504,0.0007635024541523308,0.1,12337.934212207794
829,-0.06865212653648604,0.0006691330921097214,0.1,12345.717350006104
830,-0.02040744690084134,0.00086380254232593,0.1,12355.469836235046
831,0.14414098722490895,0.0008631158093719379,0.1,12396.905122756958
832,0.08296078164396876,0.0009207177663040234,0.1,12410.056496143341
833,-0.06031055548218467,0.000695686110702809,0.1,12417.077445030212
834,-0.08346371760215955,0.0006835573318918856,0.1,12427.083942890167
835,0.019091692856319425,0.0007501792071987159,0.1,12435.789393663406
836,0.030319192902667803,0.0008914241138882062,0.1,12446.27244925499
837,0.03400157069861215,0.0006353355803232836,0.1,12455.677317857742
838,0.034792483030290075,0.0006314347011343046,0.1,12473.733812570572
839,0.017337580131552427,0.0007567307379494812,0.1,12497.336597681046
840,-0.0003064458162531404,0.0007863197598006513,0.1,12507.037087202072
841,-0.04721923052587349,0.0007415779120200415,0.1,12528.199637651443
842,0.02611378162050041,0.0007139321709893501,0.1,12548.183463811874
843,-0.020230446046961545,0.0007806796651336445,0.1,12572.951778888702
844,-0.005101188244362257,0.0009757912985896539,0.1,12583.04978632927
845,0.0440858482899901,0.0007227555266047461,0.1,12600.064751625061
846,0.03382705274267153,0.0007003461942076683,0.1,12610.15356183052
847,0.0030626136605500544,0.0006357449177206339,0.1,12632.284208536148
848,-0.027998938105213915,0.0006681900480403923,0.1,12650.468315601349
849,0.12369479729542773,0.0006658004149714686,0.1,12681.350875616074
850,-0.019837086988182727,0.0006217878822512416,0.1,12685.755686283112
851,0.015447546804734081,0.0006376981322069233,0.1,12694.404302835464
852,-0.09204324593216481,0.0006584119973850884,0.1,12713.8557305336
853,0.01772518369355573,0.0007632554323728462,0.1,12723.063236236572
854,-0.030447836063068952,0.0007075143260987137,0.1,12730.816174983978
855,0.18374149808725954,0.0007084321568883653,0.1,12758.787627696991
856,0.05212273841625399,0.0006966469935056322,0.1,12789.676236391068
857,0.019905536373777365,0.0006513407127603783,0.1,12811.365044355392
858,-0.011331516461362531,0.0005884422893180105,0.1,12833.289597034454
859,0.15359587349118084,0.0006884701046020733,0.1,12863.698419332504
860,0.10085610060637558,0.0006688274016888276,0.1,12895.529436826706
861,-0.014489718183842204,0.0006210420655179405,0.1,12915.379972934723
862,0.0522498429250535,0.0005597842277375439,0.1,12927.967898130417
863,0.05004098637072535,0.0007943383845009984,0.1,12950.654603242874
864,-0.07848244807820189,0.0006862578971777112,0.1,12968.49159526825
865,0.006289792959511386,0.0007157057314259032,0.1,12991.008184432983
866,0.010341009427015024,0.0006838907434774394,0.1,13008.105205535889
867,0.03558110802852023,0.000804830742924138,0.1,13033.991215705872
868,-0.0705286601911129,0.0005708697327219586,0.1,13041.117768526077
869,-0.029547269839926418,0.001008704826556917,0.1,13046.56421470642
870,-0.06306236598345116,0.0007946693577751932,0.1,13055.5604596138
871,0.1610720496343512,0.0006429300222244377,0.1,13079.37187242508
872,0.011914422660301934,0.0006231814388006011,0.1,13088.941642045975
873,-0.002096819250435516,0.0009129101319668928,0.1,13109.228838920593
874,-0.09781047730827475,0.0005739729745129561,0.1,13122.31166934967
875,0.0919493716087881,0.0005841645200348466,0.1,13160.481833696365
876,0.1842611306541461,0.0006365418335792191,0.1,13178.471255779266
877,-0.038986772983759924,0.0005917799460890126,0.1,13185.800261497498
878,0.03915721498264671,0.000837072125473499,0.1,13194.68961238861
879,0.0005383984765792073,0.0005579944148415789,0.1,13211.186477899551
880,0.3720118697320055,0.0006000354313997735,0.1,13256.653352975845
881,0.07760407237712902,0.0005645563090431758,0.1,13265.870384216309
882,0.514393279838106,0.0005500709849715635,0.1,13304.040009260178
883,0.22409377512392797,0.0005622320145010707,0.1,13344.51087808609
884,-0.15154440183636822,0.0006547707314716606,0.1,13369.645800113678
885,0.05689527581452671,0.0005773923277568459,0.1,13396.934483766556
886,0.33868498963111454,0.0005911101700886237,0.1,13438.031329870224
887,-0.05218381737581657,0.0004874093758717795,0.1,13457.10533118248
888,0.026487417206830254,0.0005076982601409933,0.1,13501.828323364258
889,0.18720802908514733,0.00048161263767195893,0.1,13530.806746959686
890,0.002788983659788023,0.0006170321487903214,0.1,13551.822365760803
891,0.3173304802213858,0.00046863512190534396,0.1,13586.966336250305
892,-0.014563450892781282,0.000508193440535771,0.1,13593.279988527298
893,0.06159699301407297,0.000604355032155859,0.1,13613.465647220612
894,0.007743448875718114,0.0006886178917075331,0.1,13625.45511674881
895,0.18106316880298162,0.0005423496490731763,0.1,13675.451421022415
896,0.28814735005610675,0.00045120468041482396,0.1,13723.425247907639
897,0.05295570076045956,0.0004496290752023324,0.1,13766.801256656647
898,0.04818506765250118,0.0005077109674394044,0.1,13805.462755680084
899,0.44705063421612884,0.000530681306978901,0.1,13848.615008592606
900,0.5650702335635799,0.0005552494373461747,0.1,13891.669570684433
901,0.049797275972092596,0.0005388401247816341,0.1,13910.844706058502
902,0.05775290258015744,0.0004658990035295574,0.1,13930.766137123108
903,0.15974092443475654,0.0004295384957970961,0.1,13970.925710201263
904,0.09116958023122848,0.00040800793967909875,0.1,13992.914362430573
905,0.003138740444881544,0.00040463571150956506,0.1,13998.883916854858
906,-0.031353983714322624,0.0003870575268305593,0.1,14005.581964969635
907,0.32480279221530217,0.0005065760635435964,0.1,14049.384361743927
908,0.2079230025822889,0.0005198178236020443,0.1,14077.924760341644
909,0.13714825234285322,0.0004205907089321094,0.1,14106.057729005814
910,0.031492834948274706,0.0004228267236612737,0.1,14130.567826986313
911,-0.05293602205242428,0.0005951270159716989,0.1,14136.26097536087
912,0.25065078479841135,0.00047911477481408696,0.1,14181.670271873474
913,0.03907569662223128,0.0004017015807776615,0.1,14205.255797863007
914,0.009821875860474137,0.000755020772663152,0.1,14212.98947763443
915,0.028363653355518458,0.0005035123190986859,0.1,14224.498323202133
916,0.18805913236751803,0.0005015073568626706,0.1,14253.169477939606
917,-0.039783145209182455,0.0005783767519460525,0.1,14257.938914775848
918,0.09446548239648524,0.0005318915591759385,0.1,14268.864241600037
919,-0.0023726430481783457,0.0005058569628790092,0.1,14289.012096643448
920,-0.14543483401788407,0.0005823756061454864,0.1,14315.267513990402
921,-0.25731001826193917,0.0005353592535109121,0.1,14342.143149852753
922,-0.06923937820251977,0.0005879936742370346,0.1,14363.029791116714
923,0.2244989585495157,0.0004543691219977579,0.1,14409.406340360641
924,0.006015340174069541,0.00042571733616856173,0.1,14418.851581811905
925,0.0032957284275021512,0.0004586873910166176,0.1,14438.576579809189
926,0.019649675097652575,0.00045178796262330105,0.1,14444.424317836761
927,0.08146156000557676,0.0004945758870235295,0.1,14457.384244680405
928,0.34569289691342675,0.0004561969427971147,0.1,14494.605278491974
929,-0.024399507287452014,0.0004237778204976796,0.1,14499.623819589615
930,0.07874039833919265,0.0004562466367657805,0.1,14524.537377357483
931,0.049662407775248975,0.000355990828564459,0.1,14550.564584970474
932,-0.015953493455223035,0.0004686016627238132,0.1,14559.054072380066
933,0.2203614284820877,0.00043877313232388844,0.1,14589.90070104599
934,-0.05893074068456076,0.0004771391646662181,0.1,14614.578065156937
935,-0.02372796517395068,0.0004207447571978854,0.1,14637.353070497513
936,0.020319853382744075,0.0004681501051380882,0.1,14658.842735052109
937,0.05958078432107852,0.0004145263654006865,0.1,14681.073305368423
938,0.12372104834590836,0.0005246367411617237,0.1,14693.672414302826
939,0.06598635164723694,0.00043529938311086665,0.1,14734.42871594429
940,0.00011488946232300797,0.00038162269300946424,0.1,14740.261873722076
941,-0.17030156289031195,0.00044394991206130583,0.1,14758.438096523285
942,-0.05092241803258889,0.0004184451069137878,0.1,14779.721266746521
943,0.015185809789448584,0.000445962419792711,0.1,14788.598776102066
944,0.039833011257776586,0.0004846831697726711,0.1,14796.01030087471
945,-0.03606695328182543,0.00036290764779250913,0.1,14811.402695655823
946,0.00011463953606155597,0.0003961649622502845,0.1,14818.890124797821
947,0.11238835050312887,0.0003937053541640604,0.1,14847.838807582855
948,0.028225223750954744,0.0005026188643087688,0.1,14863.88390302658
949,0.09614950956466567,0.0004764169058094534,0.1,14874.002856254578
950,-0.0822615984243864,0.0004988042991961445,0.1,14892.901632547379
951,0.024048654078274778,0.0003483836825159038,0.1,14900.301683187485
952,0.04872865407369788,0.0003799933023401536,0.1,14923.442116260529
953,-0.008177910385277374,0.00037574312143708364,0.1,14930.323204994202
954,0.05011757893305595,0.0004374805976112839,0.1,14951.129027843475
955,-0.04979251159587404,0.00042158015895568364,0.1,14977.945413827896
956,0.02808907917887382,0.000336884362734557,0.1,14986.002664089203
957,0.055347492081721704,0.00039200496634714737,0.1,15004.816939115524
958,-0.04726774479220845,0.00040053212829992515,0.1,15023.70157790184
959,-0.10272110976852873,0.00043470600228627315,0.1,15051.336104631424
960,-0.024914150179738623,0.0003608394207813862,0.1,15063.754267692566
961,0.3670135013622292,0.00045593771963803006,0.1,15106.364509820938
962,0.09413453058567871,0.000438312272535768,0.1,15126.227263689041
963,0.24673680680232882,0.0004056706545886349,0.1,15178.798949718475
964,-0.040271763665327705,0.0004953802894431584,0.1,15184.544789552689
965,0.04090165616914572,0.00044834720686213266,0.1,15194.87614274025
966,-0.10526816600254352,0.00037070201608542074,0.1,15215.858354091644
967,-0.011747385000378842,0.0004395088114587095,0.1,15239.911519527435
968,0.07319156749051085,0.0003300905623291328,0.1,15250.58692073822
969,0.03213043082807301,0.00037777535972214027,0.1,15268.370254278183
970,0.07645476562152488,0.00043617422635952347,0.1,15294.636540651321
971,-0.005448377495405595,0.0005856692477067491,0.1,15320.956672430038
972,0.021062050707496963,0.0005143590052880132,0.1,15342.438177108765
973,0.041590901523225,0.00044911199451976074,0.1,15351.45763349533
974,0.19125119089316706,0.0004619642188138161,0.1,15378.638247966766
975,0.06824619139543839,0.0004232550446863943,0.1,15397.86015033722
976,0.12461350203542579,0.0004410503275970124,0.1,15422.516287565231
977,0.006875613753976587,0.00047364959674369957,0.1,15434.175402402878
978,0.0005397335914377448,0.0004236761123887653,0.1,15468.492618560791
979,0.17725790068400626,0.0004584670444445151,0.1,15510.00832605362
980,0.39244531433943447,0.00040303411503499106,0.1,15556.361364841461
981,0.03502789172048439,0.0003336096110304001,0.1,15578.713203907013
982,0.27220255867606413,0.0003978341645624948,0.1,15611.673175096512
983,-0.042244270184102914,0.0003571851170124581,0.1,15638.928660392761
984,0.06019670365012331,0.00033989363609262824,0.1,15660.914323568344
985,-0.009302159412737192,0.00034267478953221473,0.1,15681.3765604496
986,0.12693126511851904,0.00035526012892015513,0.1,15694.054581403732
987,-0.0037819637719244854,0.00027967172621237577,0.1,15709.86302947998
988,0.03836047390700612,0.0003268042110485604,0.1,15721.828954935074
989,-0.01461472416048735,0.000541497166705085,0.1,15728.96714925766
990,0.06791877691128098,0.00029996741933565636,0.1,15740.999692201614
991,0.01645411409955192,0.00025626970891607926,0.1,15746.626014947891
992,0.13152020211593796,0.0003458778913747145,0.1,15780.472759962082
993,0.033471983625172244,0.0004277671202241133,0.1,15789.682065963745
994,0.03966365398447204,0.0003443581715640775,0.1,15807.512892723083
995,0.02087029837985674,0.00035034259053645656,0.1,15815.718035936356
996,0.03732468653638365,0.0003299427148335412,0.1,15822.280581951141
997,0.3108738406218693,0.00036017014171475553,0.1,15857.174875497818
998,0.07919394346512747,0.00029387127608060837,0.1,15865.615689992905
999,-0.018719808036642884,0.00036572878458105996,0.1,15874.691323757172
1000,0.23968784122086098,0.0003682809061697016,0.1,15901.611906290054
1001,-0.047353113705679566,0.00035952306539651806,0.1,15918.667471885681
1002,-0.05160433059570098,0.000279907385303982,0.1,15923.340952634811
1003,-0.03152840645341571,0.00028343949218521757,0.1,15939.870332479477
1004,0.0057296937673480056,0.00028311832537165964,0.1,15949.400066614151
1005,-0.0042310217756309065,0.00024367665046947482,0.1,15954.755556821823
1006,-0.021684336078949176,0.0003243912298042047,0.1,15972.70497250557
1007,0.004113490881264078,0.00038175440722544867,0.1,15993.952850341797
1008,-0.024294121211127798,0.0003097447412301335,0.1,16006.434538841248
1009,-0.2371517499380229,0.0002928427419725007,0.1,16038.120771169662
1010,0.10287392809456151,0.00029393346778272815,0.1,16067.798931837082
